"metric","unit","direction","fltk_median","nana_median","nana_over_fltk","fltk_p95","nana_p95","independent_processes_per_toolkit"
"idle_cpu_ms_per_second","ms/s","smaller_is_better","0","0","n/a","0","0","7"
"idle_private_mib","MiB","smaller_is_better","2.441","5.695","2.333","2.531","5.875","7"
"idle_working_set_mib","MiB","smaller_is_better","14.344","17.184","1.198","14.395","19.324","7"
"idle_handles","count","smaller_is_better","231","184","0.797","231","209","7"
"idle_gdi_objects","count","smaller_is_better","31","52","1.677","31","52","7"
"idle_user_objects","count","smaller_is_better","7","16","2.286","7","18","7"
"log_total_ms","ms","smaller_is_better","1245.357","1093.457","0.878","1363.906","1180.54","7"
"log_cpu_ms","ms","smaller_is_better","1250","1078.125","0.863","1359.375","1156.25","7"
"log_chunk_p50_ms","ms","smaller_is_better","9.569","7.909","0.827","10.406","8.183","7"
"log_chunk_p95_ms","ms","smaller_is_better","10.695","12.014","1.123","13.091","16.816","7"
"log_chunk_max_ms","ms","smaller_is_better","13.644","15.763","1.155","17.238","30.035","7"
"log_private_mib","MiB","smaller_is_better","8.965","18.688","2.085","10.238","18.879","7"
"log_working_set_mib","MiB","smaller_is_better","21.043","29.391","1.397","21.965","31.586","7"
"redraw_p50_ms","ms","smaller_is_better","8.433","3.625","0.43","9.174","3.942","7"
"redraw_p95_ms","ms","smaller_is_better","9.574","4.805","0.502","13.54","6.469","7"
"theme_p50_ms","ms","smaller_is_better","9.044","9.445","1.044","10.229","10.996","7"
"theme_p95_ms","ms","smaller_is_better","10.066","20.782","2.065","15.623","59.545","7"
"startup_ms","ms","smaller_is_better","70.405","95.864","1.362","71.878","97.559","7"
"process_first_frame_ms","ms","smaller_is_better","155.27","190.927","1.23","179.001","209.904","7"